SNP ID,Gene Name
rs10276303,SDK1
rs10276303,CARD11
rs10276303,SDK1-AS1
rs1032466,ATL1
rs1032466,MAP4K5
rs1032466,SAV1
rs1032466,ENSG00000270062
rs1032466,ENSG00000269906
rs1032466,CDKL1
rs1032466,ENSG00000288855
rs1032466,VCPKMT
rs1042704,MMP14
rs1042704,MRPL52
rs1042704,BCL2L2
rs10866846,EBF2
rs11672517,DUXA
rs11672517,ZIM3
rs11672517,ZNF264
rs11672517,ENSG00000268379
rs11672517,AURKC
rs11672517,ZNF304
rs11672517,ENSG00000268205
rs11672517,ZNF776
rs12342106,LINC01230
rs12342106,DMRT1
rs12342106,DMRT2
rs12342106,DMRT3
rs1509406,NEDD4
rs1509406,PRTG
rs1509406,PYGO1
rs1509406,PIGB
rs16879765,SFRP4
rs16879765,EPDR1
rs16879765,TRGC2
rs17433710,DDR2
rs17433710,HSD17B7
rs2306022,ITGA11
rs246105,PJA2
rs246105,ENSG00000249476
rs246105,ENSG00000286882
rs2598107,SFRP4
rs2598107,EPDR1
rs2912522,LOC100505718
rs38904,WNT2
rs394563,ZC3H12D
rs394563,TAB2
rs394563,SUMO4
rs394563,ENSG00000231760
rs394563,GINM1
rs394563,PCMT1
rs394563,ENSG00000216906
rs394563,NUP43
rs394563,ENSG00000278899
rs394563,RAET1G
rs394563,LRP11
rs394563,RAET1E
rs394563,LATS1
rs6016142,LINC01370
rs6016142,LOC339568
rs6102095,MAFB
rs611744,EIF3E
rs611744,RSPO2
rs611744,ENSG00000289094
rs611744,EMC2
rs611744,ENSG00000253754
rs629535,LOC100505718
rs629535,ENSG00000254332
rs629535,LINC01592
rs629535,SULF1
rs629535,SLCO5A1-AS1
rs6496519,ISG20
rs6496519,ACAN
rs6496519,AEN
rs7291412,WNT7B
rs7291412,MIRLET7BHG
rs7291412,ENSG00000235159
rs7291412,PRR34-AS1
rs7291412,ENSG00000273289
rs7291412,PRR34
rs7291412,LINC00899
rs7524102,WNT4
rs7524102,ZBTB40
rs7838717,BOP1
rs7838717,HSF1
rs7838717,DGAT1
rs7838717,SCX
rs7838717,MROH1
rs7838717,TONSL
rs7838717,CPSF1
rs7838717,VPS28
rs7838717,WDR97
rs9525927,MIR8079
rs9525927,SMIM2
rs9525927,SERP2
rs9525927,TSC22D1
rs9525927,SMIM2-AS1
rs977987,CHST6
rs977987,TMEM170A
rs977987,CFDP1
rs977987,ENSG00000261783
rs977987,BCAR1
rs977987,ENSG00000261476
rs977987,ENSG00000280152
rs977987,ZFP1
rs9951109,RAB31